"Time (s)","Distance (cm)"
1.921354164E-2,5.000000000E0