"Time (s)","Distance (cm)"
3.009954165E-2,5.000000000E0
1.410703333E-1,0.000000000E0
2.410261249E-1,5.000000000E0