"Time (s)","Distance (cm)"
2.373266662E-2,5.000000000E0