"Time (s)","Distance (cm)"
4.406737513E-2,5.000000000E0
5.236937916E-1,0.000000000E0
2.437613942E1,5.000000000E0
2.545125058E1,0.000000000E0
3.760434144E2,5.000000000E0