"Time (s)","Distance (cm)"
4.989791662E-3,5.000000000E0
1.832620418E-1,0.000000000E0
2.785992501E-1,5.000000000E0