"Time (s)","Distance (cm)"
3.565645823E-2,5.000000000E0
2.357747667E0,0.000000000E0
5.098788545E2,5.000000000E0
5.111073236E2,0.000000000E0
5.113239258E2,5.000000000E0