"Time (s)","Distance (cm)"
2.816558327E-2,5.000000000E0
1.756056249E-1,0.000000000E0
3.753774166E-1,5.000000000E0