"Time (s)","Distance (cm)"
7.866708329E-3,5.000000000E0
3.303388614E2,0.000000000E0
3.312945964E2,5.000000000E0
3.318067842E2,0.000000000E0
3.320068171E2,5.000000000E0