"Time (s)","Distance (cm)"
3.521212493E-2,5.000000000E0
2.465602503E2,0.000000000E0
2.467766337E2,5.000000000E0