"Time (s)","Distance (cm)"
3.207991668E-2,5.000000000E0
6.634761251E-1,0.000000000E0
3.165446410E2,5.000000000E0